,director,sum_power,wciar_power
0,nm0000040,41161160.298206426,254127.42240885043
1,nm0000095,17070569.60149001,250291.63326699307
2,nm0000101,7696565.220178041,9527.886251029711
3,nm0000106,5627650.973896391,386729.230179001
4,nm0000108,91938720.63556007,20255725.598478746
5,nm0000110,219739008.91376495,44013606.004129216
6,nm0000116,256340909.55635875,6819357.945268543
7,nm0000118,26097900.628258754,168412.34864780284
8,nm0000123,40637837.82255834,6007598.579974319
9,nm0000126,29606326.50646407,400038.05912916776
10,nm0000127,198068815.9307031,4851824.7661016965
11,nm0000128,1346500.9362978335,282381.7131558875
12,nm0000142,201488619.2821454,38040016.56827029
13,nm0000149,16227151.464141198,5289877.421193983
14,nm0000154,170789033.30517456,8783379.365600238
15,nm0000158,15163175.23229256,1628133.5431553447
16,nm0000165,433959043.9710502,64710510.03357257
17,nm0000169,31712.829969512193,892.6368077097445
18,nm0000184,371103229.4063958,6538060.522021196
19,nm0000186,16841109.317869246,4645.842453480174
20,nm0000198,46493.08642857143,219.5573930354476
21,nm0000200,6223337.434765404,71750.19558965853
22,nm0000209,146097.3549376114,1078.008206552011
23,nm0000217,133283948.18907404,9236867.475755047
24,nm0000219,22609052.92764826,54665.33568253549
25,nm0000228,171410.75409326423,647.5715199467544
26,nm0000229,981864225.2427607,47719167.77790983
27,nm0000230,80046765.36386213,5379082.432035404
28,nm0000231,150915313.67635223,9431641.720071442
29,nm0000233,278516400.56854653,39105483.42448863
30,nm0000243,443946.43880984315,50339.15503895188
31,nm0000247,166614299.21606115,1642480.8245653266
32,nm0000255,53392507.677614674,5528923.034783069
33,nm0000264,201829.0017801047,4544.785086047198
34,nm0000265,8335530.8503782675,78197.30107486159
35,nm0000269,20502366.633439276,236376.19387026053
36,nm0000277,397970.1744441998,2144.499886738321
37,nm0000316,3687912.482599119,4565.414523589806
38,nm0000318,670365750.8690873,63133679.86495051
39,nm0000338,96495779.8989592,171597.3285757278
40,nm0000341,16073370.137594255,118600.5381320829
41,nm0001532,198035958.56873384,721477.5641830759
42,nm0000343,1762284.9104972857,23007.34056665149
43,nm0000361,174427581.39759126,1256623.946490637
44,nm0000362,26389459.716967158,258566.38804523819
45,nm0000382,1720140.7657602427,89172.30163615057
46,nm0000386,498149983.8394184,42067515.620679624
47,nm0000398,2122523.333367876,19576.82236055708
48,nm0000399,254824030.685862,16038488.8316012
49,nm0000408,53805624.37210563,506930.4467991465
50,nm0000412,241956.62898252826,6810.473650784604
51,nm0000416,27310809.92237746,632904.5158229864
52,nm0000431,50819440.62813373,2100043.731300652
53,nm0000436,85444403.85725972,1492264.7775526256
54,nm0000776,106801930.64112419,3506300.6599027202
55,nm0000438,297527.2116846373,16356.731441351514
56,nm0000464,98981.8071482942,16606.391585972768
57,nm0000466,27134536.07797707,135235.77769833905
58,nm0001988,58533.01977850163,176.90519727561121
59,nm0000473,20901877.62777385,192785.79362977002
60,nm0000484,22037031.453274574,53282.27262304673
61,nm0000487,141208001.49441287,18710007.688000023
62,nm0000490,90799838.13869095,7727938.948314212
63,nm0000498,1639.7147637225107,220.07879015489232
64,nm0000500,46316659.802425414,1036643.5880145642
65,nm0000517,882622.3424075972,49015.435054306174
66,nm0000519,11612541.164385982,137207.48212976413
67,nm0000520,154758255.13092777,5545019.240094413
68,nm0000559,23538735.079237435,11935.556660723467
69,nm0000568,111808930.40881091,1382559.1838364378
70,nm0000570,19182058.958322167,189374.74895930948
71,nm0000576,8612855.505162764,99299.4632797363
72,nm0000583,244329809.46464413,3384398.4044376034
73,nm0000591,13574297.244287144,102612.69401158455
74,nm0000600,619228992.9420078,29938670.884290963
75,nm0000601,88586072.88806963,2261043.451653813
76,nm0000602,29852816.370788872,887888.33538846
77,nm0000626,364844.82849722775,5553.223003387641
78,nm0000631,506391301.7009026,55787440.5237048
79,nm0000671,2008231.5915119797,18269.94140468753
80,nm0000682,187949421.87701607,688750.1783328583
81,nm0000691,3621065.0739484397,8755.198124802064
82,nm0000709,482310598.7897723,14701855.474307917
83,nm0000720,31378081.08895553,88029.14328665209
84,nm0000750,56282192.16762196,577524.4876746275
85,nm0000759,619667.193151734,13051.34576701308
86,nm0000770,235687.2638848921,6634.0067112998295
87,nm0000788,4213352.122605211,10187.2603362911
88,nm0000797,1407958.455580448,233.93722450745358
89,nm0000806,3122789.531041667,6040.3534292776585
90,nm0000812,3709047.890614423,52763.59892336384
91,nm0000816,19474740.02597094,1070635.155323487
92,nm0000824,10735112.100280562,25955.908388973243
93,nm0000829,26770300.43399668,385800.6881892602
94,nm0000837,600390.0913625103,475.6780373042307
95,nm0000876,170506.29120481928,4799.325434589688
96,nm0000881,828424745.8019935,80642177.81548437
97,nm0000886,53590005.31812064,610365.6847485345
98,nm0000887,20692274.53880496,238565.68295016992
99,nm0000907,1236988.11971831,22283.59694010047
100,nm0000914,18614165.86701581,91710.52264483833
101,nm0000915,38765621.69408934,272748.52087810193
102,nm0000916,220581022.01463327,24604476.257225685
103,nm0000921,15707240.660324713,40586.6336157365
104,nm0000934,203768.23497542326,3670.762188421043
105,nm0000941,21078289.09374998,494985.6719080369
106,nm0000944,1649911.8188727275,12174.200426773548
107,nm0000948,233513731.75579908,49880928.48938845
108,nm0000953,782675.7446685082,1513.9150657853886
109,nm0000957,203955145.83184248,1390717.3972628666
110,nm0000958,2727264.027105562,31443.213455906767
111,nm0000965,57390112.31723115,11847627.864513315
112,nm0000976,29272697.44363152,237213.9844554591
113,nm0000983,6147137.8644524235,45357.871588545386
114,nm0000985,58927349.85130389,1158950.7392141032
115,nm0001005,229768.57857377682,15789.576489964453
116,nm0001024,90809330.56118384,7615156.820549676
117,nm0001040,16631961.825763887,153402.77162178693
118,nm0001053,84079722.76429014,8309947.154119093
119,nm0001054,84079722.76429014,8309947.154119093
120,nm0001060,457346652.84490865,14672488.961159611
121,nm0001068,8768031.287764432,282981.16860901954
122,nm0001081,93276696.81465057,3746502.539332278
123,nm0001093,15470623.187229885,251407.8120861694
124,nm0001102,13210062.552422766,237971.33115452869
125,nm0325196,16856806.98668935,264879.5556669849
126,nm0001104,47653612.69693112,782323.363501395
127,nm0001112,48360724.45719349,746269.0997543102
128,nm0001129,74900515.56637764,2635238.3594865515
129,nm0001130,50597380.31934112,449614.83238518593
130,nm0001149,218193276.7475633,688990.9970433946
131,nm0504513,44600278.2029746,4742.715072575179
132,nm0001162,26361288.56632218,1039276.5118887869
133,nm0001175,4538432.063159693,2876.573064479718
134,nm0001188,118831551.32592075,2727064.704782492
135,nm0001214,142240.74802101575,1311.9393377983447
136,nm0001219,80988723.70905156,2348734.87986859
137,nm0001226,106528481.49919051,41430961.66786362
138,nm0001232,11681175.017647058,86191.85841229808
139,nm0001239,27658123.812315553,172677.59599862603
140,nm0001241,17628975.435706656,2497924.2012406606
141,nm0001243,42069341.522154056,556340.013733812
142,nm0001274,18400196.96386482,9330.00829022437
143,nm0001281,68958.82813333333,85.3668944084526
144,nm0001282,20827959.106789455,381268.02068928
145,nm0001302,686972.3860362694,5985.719725396054
146,nm0001317,174965359.40778336,3239377.225436948
147,nm0001331,304836.09143960284,4393.151065012721
148,nm0001338,88972402.77541143,5716942.212850012
149,nm0001348,296730.45641381224,20391.161696391642
150,nm0001353,36052992.867875166,240425.10733338562
151,nm0001355,23536639.16557562,2447757.0515440516
152,nm0001361,6730166.257958068,2730.079774891628
153,nm0001372,11942731.596917687,110152.25665467272
154,nm0001382,48235833.82917254,443784.12012770335
155,nm0001392,329467345.35987926,5840345.567080736
156,nm0001401,34218559.27508797,7181713.796009067
157,nm0001403,80694898.31301294,213946.52853100898
158,nm0001405,11958756.32075862,110300.0586444455
159,nm0001408,10349874.342123501,145423.53492925267
160,nm0001410,34673144.700844616,416671.2111005125
161,nm0001438,60549850.765142985,3192943.098412737
162,nm0001441,150819.6139110861,1738.8317619459335
163,nm0001460,34458047.950524,227894.7321867065
164,nm0001469,86493930.13543934,610710.2922906652
165,nm0001486,4304420.502732257,54436.030137452275
166,nm0001490,20494633.848928653,295050.99663954583
167,nm0001502,44858382.63135059,419996.07794000977
168,nm0001508,25580031.17004982,39583.180989465975
169,nm0001565,194306435.53601602,7262589.107307998
170,nm0001566,46644161.7102444,924564.2888920015
171,nm0001570,15896437.669769648,2392171.9745690827
172,nm0001587,23337206.5234125,110206.84188997018
173,nm0001591,3015779.932158895,27815.660295582176
174,nm0001628,79497569.33182113,1048164.0603116388
175,nm0001639,117905709.21691325,8807866.7067009
176,nm0001661,58389176.50700578,366439.2803557875
177,nm0001674,26404957.364058398,663370.0842056132
178,nm0001675,287917550.8745746,25626053.3094371
179,nm0001676,42150.07452420701,26.715783635137857
180,nm0001681,17925771.653627597,391963.6119724357
181,nm0001692,48214.2197171381,30.559392281982976
182,nm0001707,189715.49520478793,622.9880003079284
183,nm0001708,246940612.53339124,2321692.8166794376
184,nm0001710,3051540.2323475094,137136.15522616974
185,nm0001716,177779151.08296168,6487858.322680409
186,nm0001723,255401199.86866456,4134471.398055737
187,nm0001741,554463879.0546536,83454394.2762314
188,nm0001747,51217311.0088543,13512342.24448966
189,nm0001752,265638347.4540159,16441414.272006812
190,nm0001754,37056.16446638279,2546.4802319729833
191,nm0001756,351100388.7343268,13265490.230336886
192,nm0001774,100987620.07834259,4485747.256699154
193,nm0001775,92752.28621580548,91.85741507344261
194,nm0001801,89826.8750611247,530.2442800619688
195,nm0001814,17872536.940001037,194889.15969703894
196,nm0001837,37066389.98882163,767614.8443985855
197,nm0001873,4846319.394998964,167239.72341450318
198,nm0001874,2570464.9549097475,18966.68366946381
199,nm0001878,190142566.06085312,6205278.6199164605
200,nm0002700,145377868.32626712,37664362.77774205
201,nm0001880,104427872.39856872,10265178.344947793
202,nm0001885,146918.67746640614,2856.770480221332
203,nm0001887,11161163.546047904,2318.0829767095233
204,nm0001915,10323653.961118594,7241.5097084059635
205,nm0001994,37475653.92458505,302094.806719595
206,nm0002020,7531200.073337461,35565.08680211429
207,nm0002041,14536443.766726263,5954127.366851078
208,nm0002044,30357674.175173193,143675.845004331
209,nm0002077,33058191.855609454,18595011.868358135
210,nm0002083,43261308.99908841,705914.2841356543
211,nm0002089,14064566.646887284,7863.395306157277
212,nm0002120,118838859.45441628,28712025.413153775
213,nm0002653,282293304.3978658,23770498.079288214
214,nm0002132,9095743.533576388,83893.4265619912
215,nm0002159,17554222.68147856,617634.3025553564
216,nm0002184,6940926.714289925,1455617.834072655
217,nm0002191,201891.99872757346,13873.912509744034
218,nm0002240,11200660.633854546,82646.28806767538
219,nm0541677,11200660.633854546,82646.28806767538
220,nm0002337,17615066.10283382,162470.30812022608
221,nm0002339,9722756.215327779,835178.3994362714
222,nm0002340,8788835.634961609,11999.941804448954
223,nm0002657,269138322.8305827,48770607.763297096
224,nm0002718,116122.75901541224,7979.89523667976
225,nm0505522,116122.75901541224,7979.89523667976
226,nm0002892,12011889.310639806,2519075.76915869
227,nm0003021,56915362.973263875,23312532.673848886
228,nm0003080,28208568.238977186,41142.49498873872
229,nm0003160,144985508.0619582,50852716.950289115
230,nm0003343,7357792.751149863,132546.2107693916
231,nm0003418,238992778.1742313,12645871.534917226
232,nm0003423,29017208.88949787,18391.841132859976
233,nm0003458,38798.78049115042,3332.7898666834794
234,nm0003474,27144068.586448215,351663.5948211907
235,nm0003506,278757747.296787,71447805.07582429
236,nm0003557,78758.16851956969,6765.275161688175
237,nm0003587,26.32934071464519,0.926381320557711
238,nm0003620,88423358.74665622,3559018.4742960664
239,nm0003697,19952839.271073967,1699047.3387796574
240,nm0004056,210442374.53627515,10572074.800657164
241,nm0005124,155080249.6234142,10962627.090971105
242,nm0004121,12964211.113663366,76527.19505001264
243,nm0004217,21324916.928616535,13647946.834314585
244,nm0004234,215388.23101098737,56462.73243014429
245,nm0004303,134362877.71801582,12236879.26930371
246,nm0004306,113717367.12540267,15054487.293616109
247,nm0004332,1727542.9767699572,94972.67952206667
248,nm0004363,477352.9857663873,16795.365068919513
249,nm0004675,45360073.348898776,653707.5501811171
250,nm0004716,63252747.32812187,13754950.315679796
251,nm0004810,11917905.626584351,655193.7907583258
252,nm0004838,18613807.481451146,296480.6640229925
253,nm0004886,6583781.928816015,452434.0490921696
254,nm0005008,19124914.600133117,5077538.843231328
255,nm0005069,41402618.33538904,2783086.519709056
256,nm0005076,19628813.805280376,181043.85236825224
257,nm0074426,84859343.12268215,1649904.7900034077
258,nm0666802,19628813.805280376,181043.85236825224
259,nm0005077,10761.81568784863,924.4329284977928
260,nm0005101,299908.40641347563,40253.02491691735
261,nm0005113,19280.472165745854,277.8608872357771
262,nm0005116,2279080.1023263885,21020.80368554936
263,nm0506977,76642321.9361604,8229406.655132812
264,nm0005139,271674.45847816253,12387.728323058542
265,nm0005190,245992042.6545918,12059553.517274627
266,nm0005196,21090027.128082532,14732.91601413865
267,nm0005197,10339271.317517402,95362.94595144475
268,nm0005222,249093224.6955472,35721330.91640754
269,nm0005237,40838014.330249496,518563.0660213187
270,nm0005295,34449544.91999533,505626.3009737717
271,nm0005303,23729344.87606972,3333303.106197253
272,nm0005363,211673725.15843463,82685387.92410943
273,nm0005366,289839480.8165602,6304923.67679446
274,nm0005367,103250090.59324507,3633263.737898068
275,nm0005387,74021224.02465922,1178038.881326672
276,nm0005390,263353.6542467381,14478.020253079456
277,nm0005421,24935542.25418889,1758792.6361055367
278,nm0005436,177518117.2678444,3914619.9177484135
279,nm0005509,198911509.0423228,30462002.310084585
280,nm0005522,13663232.43495674,18857.070379452398
281,nm0005540,149234223.07304546,2528081.558380824
282,nm0005563,14281678.697603742,113302.36361412969
283,nm0005647,98910623.3535516,1567969.7631657636
284,nm0005871,6230876.76519802,36780.60449357801
285,nm0006476,12425072.883827457,853844.5069832859
286,nm0006487,36826697.65495582,2247372.910803028
287,nm0006554,52645.18778991471,3617.749757591397
288,nm0006625,51622032.9183683,51123.98516716492
289,nm0006841,46085.42687760105,2533.5731361471494
290,nm0006846,21799676.258132666,13951792.80520491
291,nm0006854,19563633.641045377,180442.67146408954
292,nm0006889,21858790.73408203,5674.866522997228
293,nm0006904,60482764.76703662,6993005.532016019
294,nm0006916,9878965.276831921,1050.511777228168
295,nm0006959,20367.497095352755,395.5399355687965
296,nm0006960,33425175.46433681,3723568.0808439776
297,nm0006969,90089827.4794711,26310496.862204004
298,nm0007082,32084691.861061126,538883.7434730912
299,nm0007128,7337207.140095125,54139.03293165173
300,nm0007181,1154535.2974869108,25997.823677740707
301,nm0007182,120543.53107887579,48.898265448245574
302,nm0007198,80981.30462232242,933.6508757019349
303,nm0007439,7631102.922521589,70384.50130594647
304,nm0009053,5333755.870756097,31484.93743983478
305,nm0009190,728335549.3197104,213572186.37313056
306,nm0009463,11252577.963120533,4585000.772189269
307,nm0009942,13008845.46195056,893961.0530847311
308,nm0011470,365376661.7228227,10190010.997888643
309,nm0970447,359166615.8549408,49511760.85434388
310,nm0038432,189433523.640657,9526335.890858855
311,nm0011950,868657.0480138169,8011.947126267465
312,nm0014960,44915645.475209445,9597240.695369916
313,nm0015328,30834196.627764083,3665677.4499625317
314,nm0018735,5097546.813236151,47016.57073376055
315,nm0438989,5097546.813236151,47016.57073376055
316,nm0019247,3576548.9669305896,1464954.4568547697
317,nm0020491,19167913.491949037,1149684.320021447
318,nm0020728,11197490.883100495,251946.57915221073
319,nm0021249,33261654.00101039,1078396.6989140697
320,nm0191717,51456434.656689405,14511155.5537699
321,nm0820934,49441620.43904178,5052947.042496583
322,nm0023355,11832892.02294836,813150.1480906003
323,nm0024622,20805067.15006704,242192.88145785095
324,nm0025464,39746.5404632824,1398.4570689039463
325,nm0026442,19237435.418154165,3227506.092964229
326,nm0026862,209286.65287726355,5890.895574447895
327,nm0027271,196385889.77006915,16801366.618521262
328,nm0027459,9097253.274280503,976810.1324115925
329,nm2320658,71367007.27234954,14035724.04606744
330,nm0027572,2828859.832047944,307189.97456831357
331,nm0029242,23729.612764808684,1630.6865723455599
332,nm0030735,48980645.45056234,3812729.0300252005
333,nm0031078,14283692.504252683,1226959.843437713
334,nm0031342,6217.357536585366,36.70080105348469
335,nm0031976,140767113.87853462,14807416.768324329
336,nm0036349,32030.14557906253,2201.094843971082
337,nm0036496,6883183.153201351,739076.1633844494
338,nm1160495,19009348.486763112,1572379.899921037
339,nm0037708,39132406.3494125,12952771.59866307
340,nm0177170,25852733.909632925,372577.16096618096
341,nm0039192,4480549.595791291,2294041.393045142
342,nm0039468,114202.23963785048,1053.3297436219395
343,nm0569790,5189532.211483114,546012.7358807225
344,nm0040328,7804081.525905707,274581.7082190464
345,nm0040575,616498.9348139797,7107.748795142527
346,nm0041932,135437.97195936137,167.66408832810433
347,nm0043214,900417.4538492871,25344.498185209646
348,nm0043742,201354750.92565373,55882447.59761705
349,nm0049371,9254421.227197347,133370.265569074
350,nm0049633,284256858.9944314,75678938.01263413
351,nm0719208,402345370.2209759,99913869.83727923
352,nm0051470,10441.367371727749,235.11869102275796
353,nm0053190,120983.72074035452,3405.3889977759827
354,nm0047259,120983.72074035452,3405.3889977759827
355,nm0054954,23170.026825491364,170.96462201232987
356,nm0061982,1959318.4708657165,134643.34007707177
357,nm0063785,38660.25923466517,445.72244245320974
358,nm0064181,9628825.636818346,2019311.0941904874
359,nm0065284,38921339.608282864,496570.9211426732
360,nm0065608,31053153.646022927,1556953.87187552
361,nm0067457,91637287.02415784,9829133.398660528
362,nm0068587,56717836.31899153,13835225.658341102
363,nm0069166,22253.82034610665,1529.2708895614005
364,nm0071066,140510.8544132155,23573.80954835071
365,nm2756180,140510.8544132155,23573.80954835071
366,nm0421776,127568243.1965239,2187565.8464278425
367,nm1224299,227216669.5242257,49477886.881820574
368,nm0075010,34133647.36983343,314827.32866678364
369,nm0218450,34133647.36983343,314827.32866678364
370,nm0075528,29672843.914298445,7799661.393983797
371,nm0075666,19880062.122034483,183361.2090673089
372,nm0075696,5635649.492980146,3606815.675507294
373,nm0080120,25273149.045069613,1395141.0203546276
374,nm0081540,39665.2328848809,3407.2175605757457
375,nm0082300,7740737.380275997,272352.9842295616
376,nm0082450,191876965.43370765,51571256.68754241
377,nm0082526,41488197.27667606,2851047.2075731205
378,nm0082802,16738122.105323143,1883181.6738576205
379,nm0082835,7139.0652930072265,392.47426505567637
380,nm0083348,215674284.04267135,15951150.759556785
381,nm0684342,59042006.02293234,2596694.8859773916
382,nm0084312,4551173.449136757,2912751.0074475254
383,nm0086690,18174158.58494743,261917.2282590132
384,nm0086826,1083160.532614841,9990.392567944462
385,nm0087595,31729466.621827148,271220.0703417838
386,nm0088955,93396359.67283925,12580397.111275667
387,nm0090066,14550397.255608147,262116.65463379843
388,nm0090386,99652195.43254039,28536061.11026424
389,nm0091076,8211455.863696673,1693908.903820195
390,nm0093051,13790845.088339403,309375.0778608195
391,nm0093271,3743611.442459893,27622.976876187353
392,nm0094435,399688.4649926558,255800.61759529976
393,nm0097079,20134203.132056307,2702366.999475083
394,nm0097517,625236.6722847495,42965.93695556592
395,nm0101047,84558585.4442419,9750383.703371985
396,nm0101385,40268992.735897526,821599.5768566304
397,nm0101508,21044727.56743976,592356.4201927212
398,nm0661910,47606774.367230944,837348.0598875433
399,nm0102929,27010.247832699617,102.04183124731466
400,nm0103187,16221454.032325462,2177206.705075163
401,nm0103744,1631390.443723583,175169.21506999302
402,nm0103785,13042491.311053954,5234687.8903204305
403,nm0106230,36208683.48326546,696663.8938876811
404,nm0106924,42126.41312778375,1852.7392428197522
405,nm0107366,6838039.793239249,469906.5164913471
406,nm0108094,44581154.365136445,3056557.1200167397
407,nm0108132,16157796.150105733,492972.0397840055
408,nm0109165,24852.784424666243,93.89116493842303
409,nm0109359,102306164.42740548,2337774.263396464
410,nm0111303,27069.226965517242,249.6695510530273
411,nm0112498,3396095.406111424,39154.314254023884
412,nm0113477,16313909.520664666,10440902.093225388
413,nm0114197,11327310.433224902,130594.99787822504
414,nm0116497,9574315.145952525,70645.97647137102
415,nm0118333,186613660.5444308,85229549.37894616
416,nm0510674,126599996.9540884,2558139.296870695
417,nm0121800,15826.067378746593,285.09708459865436
418,nm0122653,358062.84528662055,1286.6011033396649
419,nm0123236,4311942.526646884,5337.926300833555
420,nm0123379,8244785.285814347,708221.663302293
421,nm0125111,7339435.20211188,34659.50280164679
422,nm0125803,212559880.02626374,14092088.329548411
423,nm0268380,218351584.63215023,15178252.48978397
424,nm0127373,2213502.475314607,25519.946042907
425,nm0128225,13880603.025051739,218407.85960366367
426,nm0128883,1322271.300567053,58154.10680191881
427,nm0131969,9758663.464756517,670610.246940789
428,nm0132709,233114373.54720885,17047299.1364893
429,nm0134176,47433233.024382964,219262.1344951351
430,nm0134224,21461811.985423833,10988447.736537006
431,nm0134396,88113.44385947047,2480.1729558240168
432,nm0136592,4465908.601119276,51488.42063839101
433,nm0138034,22570.342426550596,406.59114296735146
434,nm0138620,73566327.53155017,5835049.553453787
435,nm0138809,77866.1469014037,3424.5893571283036
436,nm0138927,8633539.455721669,240267.92621871983
437,nm0139111,9516262.174956523,23008.91009905405
438,nm0139461,1673505.6883679193,19294.20696201261
439,nm0139867,157665627.7696969,7595020.503278256
440,nm0141033,43169.123502475246,254.82552740368703
441,nm0141222,40393003.175070144,97664.28894023613
442,nm0141961,42389331.44174723,2866792.894786622
443,nm0142286,113608054.65939952,13214762.450342871
444,nm0143984,15387908.838187784,5042309.968097375
445,nm0146341,3434621.1976011447,174384.54321417795
446,nm0149446,542056.3455209453,12206.023778509722
447,nm0149491,10136249.6752467,557246.218998723
448,nm0151066,4238224.90768953,31272.58007958806
449,nm0151540,65937413.98993991,9371795.136455363
450,nm0152312,98782876.47061694,10283999.423670271
451,nm0028764,75602272.83533934,10147165.29159537
452,nm0700760,75602272.83533934,10147165.29159537
453,nm9054338,70500818.17639294,2217999.176747354
454,nm0920425,64353207.03940859,1482618.5794828502
455,nm0152741,13647284.114507772,125873.97868076352
456,nm0153078,58307153.73024211,4098334.516904529
457,nm0153740,21853.850479745295,2933.174159443125
458,nm0154819,21761539.718027353,113296.47953748294
459,nm0155093,24429479.997862604,2070198.4688720268
460,nm0155528,183571662.2604968,73079429.30018607
461,nm0608714,70131656.95891096,35907408.36296242
462,nm0155536,5014798.259533785,220553.15989232995
463,nm0158966,590294.7930242053,50705.93662076104
464,nm0158984,46060.50628937991,3956.5673630017827
465,nm0159507,374597.9465425532,8435.195862313985
466,nm0160126,453652.9492624401,6967.004182765402
467,nm0160157,17732759.483663112,1904040.5512541737
468,nm0160840,130613964.80118653,27864997.27630634
469,nm0161834,5713561.745122961,1754667.3854187483
470,nm0162407,6913.808566198902,40.811922302493464
471,nm0163706,8899474.634145455,65666.53238662054
472,nm0164187,147015.94516721313,444.3284300192319
473,nm0166256,26846763.9591513,322180.69926536817
474,nm0615780,26846763.9591513,322180.69926536817
475,nm0167384,7432537.758187956,510760.10556323914
476,nm0674742,7432537.758187956,510760.10556323914
477,nm0169680,3285028.679205527,30299.041660050272
478,nm0169806,130521157.40790863,53543329.21961953
479,nm0170719,10834499.432178227,294552.03322060057
480,nm0174374,515412228.2857308,119428068.63868593
481,nm0175775,21461402.21061611,483267.81499289576
482,nm0177637,14787226.57126858,520279.28184537764
483,nm0177896,44383707.20557565,22724458.08925474
484,nm0178376,30843116.236196097,7513005.054746409
485,nm0178997,194315240.2578011,8389569.840695778
486,nm0179221,15780481.799403952,1355533.0648712649
487,nm0179697,10838471.699245322,2841240.325126967
488,nm0179959,16749.158196037537,471.4468913152763
489,nm0180428,161525.91820185728,17343.713403333713
490,nm0180912,4152235.819185687,32563.14976888921
491,nm0188165,9435728.42964507,108786.5421816801
492,nm0190859,192319067.47713417,13414611.885983456
493,nm0191147,15734809.244004717,6444977.866344334
494,nm0191712,17243470.219211943,3616217.805716078
495,nm1392282,20999280.81274658,13439539.720157815
496,nm0192845,230442.98511135305,10932.56754984046
497,nm0193485,13274925.270621374,417211.9431666419
498,nm0193508,10609339.13938954,5916221.930758655
499,nm0193554,3542427.6549186762,40841.41021869749
500,nm0193838,8150193.34805154,1093900.4339361915
501,nm0513769,8150193.34805154,1093900.4339361915
502,nm0196860,225795.7664721241,9930.602829547797
503,nm0197636,1022993.5528009165,21542.701737965683
504,nm0197855,33956812.63945572,13365316.896995585
505,nm0326246,33956812.63945572,13365316.896995585
506,nm0199722,6961032.088646288,8617.340337285594
507,nm0200005,29819980.215240836,4778693.39429188
508,nm0200380,477426.5740454786,10750.69070483996
509,nm0201283,5917867.114103704,208216.4385148873
510,nm0201304,9510296.096662885,109646.2488502121
511,nm0201509,202079419.96301946,19573622.0922001
512,nm0569891,201478819.35157716,18225946.021530047
513,nm0201524,1680694.903996349,225579.0514755682
514,nm0216459,1680694.903996349,225579.0514755682
515,nm0204628,133699.41753365402,43810.62513742776
516,nm0204884,31316908.991436034,617462.8052077487
517,nm0205157,6837843.062017362,300731.5182238217
518,nm0205542,32881319.8070191,342794.7487021372
519,nm0206259,11548731.474345328,7391188.143581011
520,nm0208343,39353.697220145834,2704.365480595401
521,nm0210320,57580896.18453032,8697175.41169767
522,nm0761498,177944666.02157488,33537732.90759222
523,nm0211823,11986108.357314631,28980.63173971274
524,nm0213450,215045949.5320891,53076963.23410455
525,nm0214036,13105044.337074526,188863.5929379927
526,nm0215269,7723359.255679012,14939.149469359994
527,nm0215299,29471695.33796292,15089508.01303702
528,nm0216214,10500767.549984815,2202170.566898576
529,nm0218621,105149857.81041369,24492649.50213159
530,nm0219974,3273332.970620239,58967.12458697953
531,nm0220600,200716913.91830984,38382033.60204418
532,nm0222043,35895241.38004801,906876.5667254664
533,nm0222104,1713167.7490368742,30861.686544742504
534,nm0223359,91646939.44376327,2856337.349060743
535,nm0224145,5119262.779285468,2096850.0343953283
536,nm0224683,504023.8536585366,67648.93649585331
537,nm0225416,4156383.415509286,47919.83821131917
538,nm0227540,67768991.21547857,1628372.5702165274
539,nm0227781,6133736.105451388,56573.73007646692
540,nm0228147,32110083.587798502,151635.58249716254
541,nm0228542,19724100.93670053,6463193.394938031
542,nm0229694,101186531.42563152,6425880.10669092
543,nm0230032,274716155.6554091,32776573.76759632
544,nm0215455,99135708.6059387,25987831.196795207
545,nm0798899,185247334.21533233,5152925.550209087
546,nm0881279,325264065.4449099,14242736.223653601
547,nm0231190,14506739.405370165,209064.1477772353
548,nm0231596,7926414.320184517,1047130.6095897845
549,nm0235719,17164770.169051543,943643.21944874
550,nm0236226,8413465.255223779,5367677.695448895
551,nm0237292,263059.88244051253,1552.8314647808838
552,nm0238841,12051945.549738219,271385.68743445305
553,nm0240627,693241.62053871,45692.82479575994
554,nm0240797,365423260.89005905,24935793.819807675
555,nm0240995,15760002.146562498,145360.36309937597
556,nm0241090,51806.13732718329,284.6488577972912
557,nm0243109,11016952.483801296,248079.71550403014
558,nm0243231,218079.20864358958,18732.861381235565
559,nm0243233,218079.20864358958,18732.861381235565
560,nm0244756,56024.351325910924,1576.94529846904
561,nm0245888,84926102.29139446,1736587.2307005574
562,nm0248942,22549792.873109415,100896.29462390982
563,nm0249291,13011566.323226303,3410904.0422358373
564,nm0252135,55571633.841555476,5466875.950568155
565,nm0253323,6746501.434765403,77781.8658500199
566,nm0438226,6746501.434765403,77781.8658500199
567,nm0253819,9419650.608306495,135751.47190249423
568,nm0254120,11271939.512986198,2954871.311692255
569,nm0254632,9488034.480547778,70009.33753007873
570,nm0254786,75276368.25047718,4277039.323805998
571,nm0256983,16456553.656820904,296454.9156666451
572,nm0899329,60034631.495479435,553694.4833831023
573,nm0257554,31616606.07040064,20234627.885056414
574,nm0257606,12093978.335702501,664873.4903087972
575,nm0262595,12576238.385011902,553108.8135201384
576,nm0265363,3586095.242158591,4439.370884958928
577,nm0266255,14523396.205088338,133954.68643817471
578,nm0266302,24716655.097602177,445255.6747496254
579,nm0266622,35542600.0176832,2074714.0390753364
580,nm0266777,30124585.494915754,1059914.6250749482
581,nm0267512,476886.48076658475,16778.951383425156
582,nm0206760,476886.48076658475,16778.951383425156
583,nm0269463,686571987.9351617,187714817.5067791
584,nm0271402,52991064.832807735,3697309.378767365
585,nm0828207,12571776.89865289,691140.7440937281
586,nm0272704,8307147.590274352,186729.9314599574
587,nm0275277,14903755.91903471,3115230.056744324
588,nm0275286,46673735.83505304,2184924.1294574803
589,nm0275629,51263340.24133785,10524884.36507204
590,nm0720135,51263340.24133785,10524884.36507204
591,nm0275698,79909454.82777902,18753257.963016693
592,nm0276062,265535.702897921,6064.936444619019
593,nm0276397,13762.97450980392,101.55282739013656
594,nm0278181,23522127.997534834,1140975.0928068967
595,nm0820800,4208511.82880079,706071.1199034591
596,nm0998551,19313616.168734044,434903.97290343756
597,nm0280814,16086032.11005339,884338.967489091
598,nm0505662,16086032.11005339,884338.967489091
599,nm0281396,160295973.80705264,101255111.66921523
600,nm1349818,160295973.80705264,101255111.66921523
601,nm0281508,174970596.9622219,66902992.7943813
602,nm0281598,525257.0285184813,28876.31052135703
603,nm0281869,2844320.21866426,20987.378854950904
604,nm0281945,117162232.60480551,10131846.60934717
605,nm0283500,20361655.09713018,25206.50811085674
606,nm0283816,15113925.881249052,4952531.232767691
607,nm0284774,492678.0555357482,33856.57817572659
608,nm0285436,228726.46121689363,15717.962730501937
609,nm0286975,201141993.6654517,30789952.42543585
610,nm0287025,1354925.5959457627,3276.009073191147
611,nm0291082,16577706.879632184,3052886.0254897163
612,nm0291205,46953163.32943333,4173928.728487625
613,nm0293533,379425.0187969925,1791.783991529105
614,nm0294457,42701586.460900664,4986763.647051567
615,nm0294505,8206786.762063222,184539.253294559
616,nm0294997,46703899.95139748,2522702.7887269612
617,nm0783536,46703899.95139748,2522702.7887269612
618,nm0295007,17452864.62605364,65935.05835210967
619,nm0298807,253321194.92503315,52779323.769459225
620,nm0299563,73922.87406199021,1331.6761123189422
621,nm0299677,40794.00478214665,3504.1783282437514
622,nm0300174,17483283.019209355,3666510.195030095
623,nm0300866,29952091.627210386,17839101.57992829
624,nm0302778,18675083.60787776,215309.05491853118
625,nm0303032,403974.5221274145,27448.67512363717
626,nm0304432,19224116.27229381,4031589.388867352
627,nm0304521,26871445.849680126,928662.7874457208
628,nm0304830,13205748.72905518,580794.9712433725
629,nm0305405,5158932.92531307,38066.206146673634
630,nm0307497,11893246.737577666,6010206.027999264
631,nm0309691,12052512.774126505,339248.0752402145
632,nm0312173,11371049.400286295,2980852.3739886517
633,nm0313623,4477813.374833341,1467289.8866653894
634,nm0316496,4203626.626805349,5203.837711528493
635,nm0316795,38144.55937744329,3276.592700928983
636,nm1164861,129773758.73544234,20257356.772594716
637,nm1041597,18588935.244144723,3002888.0449457206
638,nm1823216,38144.55937744329,3276.592700928983
639,nm0418659,38144.55937744329,3276.592700928983
640,nm1823227,38144.55937744329,3276.592700928983
641,nm0318795,22623558.65218663,43760.326697911034
642,nm0318916,20583131.812154144,3386233.7401130106
643,nm0318947,46680.102762430935,672.7311789008021
644,nm0319659,11568687.76578028,2439271.5558059514
645,nm0319680,9743.657504456327,71.89550253063423
646,nm0320660,75627.50323170732,446.4259830556636
647,nm0322144,220299.82557841277,46200.22198114196
648,nm0922903,220299.82557841277,46200.22198114196
649,nm0322242,1906458.5081650296,64687.169544644
650,nm0322515,5758077.023889283,8910.192621452195
651,nm0323239,93504262.18968087,21762794.830948986
652,nm0323795,1740426.4181403827,706.0008299547928
653,nm0325204,17209419.53849539,484402.0963801903
654,nm0325776,14227458.635672854,131225.14413577315
655,nm0089940,14227458.635672854,131225.14413577315
656,nm0326040,8130749.046592356,1705141.6624559257
657,nm0326360,4575216.136179776,486.5204299981651
658,nm0326837,1613349.141190702,660827.8082317117
659,nm0327064,8865412.770315422,81769.00024090259
660,nm0327273,60052467.096990354,4781162.033169343
661,nm0327944,1381513.5878015386,242646.6274749382
662,nm0329755,3469861.9547750717,372573.5904348393
663,nm0330140,36374756.336319014,615541.6266487914
664,nm0330687,9693611.197305989,1626318.0887722126
665,nm0331532,228554799.50918293,10045150.069746992
666,nm0334353,2446209.1588286967,3028.260262180659
667,nm0335138,101765.73694859268,8741.610240950893
668,nm0335337,29874749.69133472,840899.4473605126
669,nm0335666,10103024.995642964,355468.59066947264
670,nm0336486,7267.908833194646,499.4468919820887
671,nm0336620,329179987.2308399,83757381.68951806
672,nm0336695,32998730.48992738,12986242.198920323
673,nm0337157,11336.164680390033,204.21418812166073
674,nm0337773,179576485.53708145,92334643.7261461
675,nm0338381,10496490.119491236,121016.29181654753
676,nm0338576,15295479.998179562,7831285.759067938
677,nm0339004,64553363.89832139,6174179.7036671555
678,nm0339030,284982281.5420586,33394867.645224314
679,nm0339254,107644.78904485489,2423.945159153923
680,nm0340436,44030231.10270299,3488670.1116687506
681,nm0340958,11167229.643891573,1199072.1526859014
682,nm0343260,8811984.174545456,65020.96673976757
683,nm0344259,24152549.67602592,543867.0686049892
684,nm0107774,24152549.67602592,543867.0686049892
685,nm0344496,19227430.77305177,12305555.694753135
686,nm0346550,5247685.56020402,107568.76792563485
687,nm0347086,33041093.969800342,1680.7221114373842
688,nm0572132,1471827.5948518894,305.6866318821741
689,nm0348181,295980358.6367797,112052819.71141393
690,nm0348197,237316.89193239924,3752.843397908636
691,nm0935317,117640.12024274407,2649.0200084452154
692,nm1435762,117640.12024274407,2649.0200084452154
693,nm0349183,42492012.90029313,664415.9035982044
694,nm0349205,28058.043714987714,987.2046501528428
695,nm0352524,36299877.61737612,1995606.8763575417
696,nm0353183,39765.10101147027,1119.2880881100489
697,nm0353673,20419792.2754884,955580.6316421255
698,nm0353893,3646744.4342665854,26908.224512456203
699,nm0110294,3646744.4342665854,26908.224512456203
700,nm0110293,3646744.4342665854,26908.224512456203
701,nm0125186,3646744.4342665854,26908.224512456203
702,nm0402563,3646744.4342665854,26908.224512456203
703,nm0019282,3646744.4342665854,26908.224512456203
704,nm0322368,3646744.4342665854,26908.224512456203
705,nm0354126,80221496.5338836,518875.33404557337
706,nm0951197,92805456.77710602,634941.8810658033
707,nm0355699,4048607.21470184,1658309.515141874
708,nm0355806,24865921.592811607,4171809.3760166457
709,nm0357143,5062176.231902497,37352.26776236834
710,nm0357453,51109481.47127168,4788246.55188036
711,nm0358327,9600615.957446808,216186.65224242362
712,nm0359387,77856019.58356188,3536655.5915991357
713,nm0359734,150269.44173318672,15420.546506464934
714,nm0362544,15295340.876118049,176343.2741636865
715,nm0362566,127380471.03085499,11602933.618017193
716,nm0362734,9879672.436355421,278088.05689320544
717,nm0363553,7421960.013127413,106961.71631833399
718,nm0365615,30126.125480464623,678.380037439687
719,nm0366004,7575669.735726794,69873.2204009496
720,nm0368614,7711912.303442531,111140.36920351285
721,nm0370912,3003917.792214085,34632.81420714744
722,nm0371755,79337707.92928335,6562151.690547036
723,nm0371890,236893.41376475268,25436.23661893524
724,nm0373282,68466.61407567568,1233.3848705541316
725,nm0374048,9812649.348028673,1053625.2009224724
726,nm0376006,21675483.235735558,2909234.1132025165
727,nm0376260,2636316.546122979,2109053.236898383
728,nm0376664,6128440.316730643,421143.2117735361
729,nm0378144,19479510.638297874,438639.58425999
730,nm0378240,976150.6807866867,34345.248767565485
731,nm0378893,37156685.86948508,297508.5568043622
732,nm0379237,32122145.81362379,575320.3205524323
733,nm0380705,1716001.5736914894,38640.92023922092
734,nm0381273,15622404.481430195,180114.0608030727
735,nm0381416,15364637.205325197,1055849.8289884257
736,nm0381478,36671989.7094839,1288709.981860231
737,nm0382072,29960737.69426463,674655.8355781775
738,nm0382584,41207.88622997641,3539.73047390075
739,nm0382956,13285282.347780114,152961.5747568809
740,nm0384722,114336699.18773302,7262649.330454642
741,nm0384825,1816468.3097212592,124826.75175157138
742,nm0384864,43850204.071790576,987418.8135891822
743,nm0651706,115862964.18266049,4946362.168096444
744,nm0387706,39286938.44567646,1065439.4627187187
745,nm0388817,13103584.43579552,120859.23426768201
746,nm0388971,18532762.31785946,333856.5658754317
747,nm0389591,51621289.37215651,452926.2824011206
748,nm0392237,968668.6405651497,41269.93231837328
749,nm0393799,38245314.60972,8520918.850574963
750,nm0394280,32609533.51498905,193042.06339302837
751,nm0397174,90593071.13067985,6783314.250986163
752,nm0930261,94561142.81057227,14834151.787475009
753,nm1977355,58301682.31817662,5008076.377167004
754,nm0398185,24076043.413254313,461303.62797082175
755,nm0399737,45071862.17785384,1538141.3921921882
756,nm0399853,3804335.1303696195,33965.2664378226
757,nm0400436,66537306.61927629,9085944.636172764
758,nm0400441,65190277.10262009,5162967.127112108
759,nm0400486,32418362.763049684,199599.35870041314
760,nm0400850,22783578.15618343,9332153.612772735
761,nm0402995,12315619.278803045,221858.4735794174
762,nm0403541,9766487.669097625,219921.75113633325
763,nm0404754,12089847.904758431,4904.224945003218
764,nm0405336,7023241.810040816,64777.97211879986
765,nm0405374,6867120.308908361,307138.3356636977
766,nm0405632,59618180.37028476,3479708.939147654
767,nm0407842,112060.36023781213,826.8595144458484
768,nm0410494,9831884.044612775,113353.90545835026
769,nm0410640,11781273.614182463,108663.06961158566
770,nm0410769,40079693.883676544,356484.52022005245
771,nm0412465,279881.2664319253,2636.425383472774
772,nm0413547,11474397.235152837,14204.615764061185
773,nm0570408,22656745.30348523,143128.31136385383
774,nm0413875,23809742.276404496,112438.32889185716
775,nm0414423,14092401.154340593,3694238.4082034617
776,nm0414817,23399.883968871593,337.2278679127138
777,nm0416945,511742.18884978007,2416.634160494553
778,nm0417708,15478367.472857144,29939.516933472427
779,nm0608084,15478367.472857144,29939.516933472427
780,nm0417794,6255166.272093581,46154.98054392411
781,nm0420941,110383192.55754596,45164696.03601186
782,nm0422484,650658.02017481,5362.8647667633695
783,nm0423333,18583576.85884672,653851.4829430714
784,nm0423626,39269.891109971046,3373.2579606961376
785,nm0423646,9454744.432012295,118493.34627400305
786,nm0424035,1950472.7041519568,209430.41190183358
787,nm0424800,52518375.02908992,946086.9368444543
788,nm0425244,7056374.648254913,52066.85488982832
789,nm0425540,1415386.365522388,6683.973132853618
790,nm0425593,18598205.96080645,3862.69625538717
791,nm0425756,115932428.13526914,3603411.6435976196
792,nm0425957,7129452.663638813,17237.958809586533
793,nm0426059,284186864.2558459,116200182.00689602
794,nm0426333,94931857.27922934,15470838.594040219
795,nm1369708,9778354.77223491,176151.17963413478
796,nm0428600,36565603.44075005,2491912.026993859
797,nm0429964,45650.848529577466,526.3184497329978
798,nm0431918,45160673.78045955,536223.9164930063
799,nm0432380,31420.360717415744,3373.735542745595
800,nm0432627,29578660.82897444,286202.8278324149
801,nm0437709,3838261.555516637,35401.714301286906
802,nm0438279,6060712.486606822,44720.16485790881
803,nm0438394,33174787.49436318,125330.80363176318
804,nm0221133,33174787.49436318,125330.80363176318
805,nm1301264,33174787.49436318,125330.80363176318
806,nm0440458,156554031.56293604,61845519.67912436
807,nm0440913,38843335.280076966,1116788.3724888444
808,nm0440914,3204180.0807266226,23642.675966096835
809,nm0442109,357527.14901871,50636.710810734534
810,nm0442241,12509153.281514501,281681.0902867459
811,nm0443181,35940774.54096806,822309.3473294541
812,nm0443411,248943.12336585365,1469.50082740474
813,nm0443505,41546638.87379958,13614002.62616665
814,nm0717678,41546638.87379958,13614002.62616665
815,nm0446109,35563771.103667624,254948.2962256742
816,nm0446819,9317861.072690286,631016.432849756
817,nm0448670,78465.60209336609,2760.76294022723
818,nm0448900,1560058.8939653304,28103.52261415319
819,nm0449868,8472.832448657187,190.79122529272598
820,nm0449984,15702860.196894865,1669.814511008747
821,nm0450194,1047967.7101769912,1297.3211883063166
822,nm0451884,23508082.07773207,338787.16699350177
823,nm0452319,11893154.319424083,267810.0268060908
824,nm0453270,23428823.886000402,575864.6646232557
825,nm0453518,7141083.60828437,1197419.1839972807
826,nm0455078,106042907.61130476,6979186.259527902
827,nm0456732,6674400.685502079,458661.32263410283
828,nm0459170,46836288.53424019,16011.980754359993
829,nm0460206,5370400.870794747,720803.0033272929
830,nm1600872,5370400.870794747,720803.0033272929
831,nm0462277,32139857.62453983,384886.66703831067
832,nm0462895,52052583.70634409,3120979.9760375605
833,nm0464846,78836.96022449418,6772.04331760511
834,nm0466349,78349585.27951556,17097373.750440363
835,nm0467225,8090545.137120794,116597.04340723656
836,nm0467646,17692759.18441955,2939.7138538264016
837,nm0468335,43578077.838658534,257239.56771645724
838,nm0469694,4048136.1348766983,142431.1280357481
839,nm0470443,410548.3160762942,7395.780973195141
840,nm0472495,17487.665288966724,161.29524301613176
841,nm0474955,42314499.11784518,1033129.6366874634
842,nm0476064,38690068.53305907,14511639.534351418
843,nm0476201,25147870.191467665,1045368.4587346868
844,nm0477129,28828608.92869921,1600561.9915226882
845,nm0477193,47451.11735149864,854.8033376900927
846,nm0481418,29040711.65646992,2324507.6706499015
847,nm0482681,5306626.84,8211.60729847808
848,nm0007139,5306626.84,8211.60729847808
849,nm0484901,504043.7697854896,20504.60198915867
850,nm0484907,59980457.41240816,22433650.676502556
851,nm0485273,2952048.6174377743,3654.459181443277
852,nm0489453,3558709.7483531963,64108.01558641289
853,nm0492909,28733793.492692634,849361.9659947744
854,nm0496863,5142487.24536086,862766.1929266419
855,nm0499724,13663261.21858407,16914.298129700404
856,nm0500343,59263729.645959176,546611.426816262
857,nm0957798,59263729.645959176,546611.426816262
858,nm0500444,28050357.22502148,355208.4768184852
859,nm0500610,227130700.04444742,117324449.26308854
860,nm0501185,63296228.03894993,2157996.233524332
861,nm0501435,16160073.782985104,8293064.974057672
862,nm0502577,14556899.340430724,22525.710676707706
863,nm0502954,46753339.68610296,10972654.592750262
864,nm0503259,21720220.874159954,4555060.464668632
865,nm0504642,221845681.48572594,16686204.64752554
866,nm0477035,13140875.482140098,189379.97415900254
867,nm0504802,14566774.735196231,14426.234950360109
868,nm0505152,152223046.65117192,2455862.689285904
869,nm0505230,8085748.069660787,19550.139224624174
870,nm0505934,11899.254565340789,1022.1381840983482
871,nm0506613,255664720.40297955,19408004.226374004
872,nm0507185,1918.9044525547442,54.01235860928212
873,nm1533823,1918.9044525547442,54.01235860928212
874,nm0509028,10654513.107064845,122838.17282250588
875,nm0509448,194044753.53895554,25901177.89662519
876,nm0510731,198592056.8860011,18356423.216564465
877,nm0510912,361574470.7482833,56205491.84528704
878,nm0513974,12775383.176307691,2122.6746218534804
879,nm0514546,32552147.160270996,407672.0047781175
880,nm0514662,182875.00862405202,3294.383282778631
881,nm0514906,6728130.500307692,16267.621359117347
882,nm0000329,6728130.500307692,16267.621359117347
883,nm0515255,616441.0403799393,610.4936365960511
884,nm0515891,25051970.596856188,60571.94817353201
885,nm0518644,9806205.025118483,220816.10648521164
886,nm0518836,286672.00601886923,92025.39162349398
887,nm0519434,10370213.867936926,31342.04824968665
888,nm0520488,217670537.20118916,37348208.08915924
889,nm0588087,217670537.20118916,37348208.08915924
890,nm0524190,53501365.7585229,17414127.908783883
891,nm0601859,53501365.7585229,17414127.908783883
892,nm0525141,24577895.419986073,2111225.1406669687
893,nm0525303,74714752.69343463,10440720.79976314
894,nm0525659,158679006.17216122,7710540.367568448
895,nm0527109,24442131.755704552,829228.695127194
896,nm0527261,39299470.05151131,1928157.1630196394
897,nm0528381,4037320.198511166,142050.57610617406
898,nm0528718,37788717.32072011,496664.8569837456
899,nm0531817,10449058.630826196,1108659.762522672
900,nm0532235,117226901.87630369,21826997.50132761
901,nm0533284,746369.9115210376,222412.35230349633
902,nm0533564,132692.09748923077,783.2758921560195
903,nm0533744,58374.33693140795,430.7265815384702
904,nm0534665,6960.001601779754,100.30419398487484
905,nm0536632,25159607.981590644,3226271.3341384297
906,nm0538320,30647.55491485498,12553.238493124602
907,nm1573851,30647.55491485498,12553.238493124602
908,nm0538614,15933316.536193896,117567.1249554294
909,nm0540148,6682085.648421645,77039.2023969011
910,nm0540139,6682085.648421645,77039.2023969011
911,nm0540532,33065021.46468266,302110.11491555604
912,nm0541562,8202230.817323462,5249427.7230870165
913,nm0542450,13670924.20056858,1174323.4469507404
914,nm0542539,3452765.5881259153,4274.316767807812
915,nm0545099,3661466.829274673,27016.856613602704
916,nm0549658,60700783.42415322,12607.059483353374
917,nm0550881,26577068.215561148,935097.4571265746
918,nm0551076,12380871.263744367,7895324.364064365
919,nm0551128,167665577.805828,31090438.852429938
920,nm0552140,4287232.025886181,235693.0731717758
921,nm0553942,157112374.44064376,22951436.57634906
922,nm0862211,127114073.64390332,18239055.689705346
923,nm0559991,1395041.0097891737,119833.11027246641
924,nm0561813,6679192.7863025665,120321.6405741119
925,nm0561938,10018791.816923076,5080.130984113694
926,nm0562645,35483496.24867745,465213.8323355935
927,nm0563243,12268763.976472674,4020228.5798105667
928,nm0563814,68713.70241944601,792.2150518053493
929,nm0564586,73836.0675667993,4059.180741947514
930,nm0564827,18220344.492440607,328228.5466668707
931,nm0565955,3547.7634779532086,156.03228786434315
932,nm0567112,21195992.27280133,1165261.9983097662
933,nm0567126,13860958.02274673,102275.81810481618
934,nm0567620,88961.63891962713,9552.183243958989
935,nm0568230,8800831.527310109,101466.67926257757
936,nm0569166,368623.10255592177,6901.807613407744
937,nm0796915,368623.10255592177,6901.807613407744
938,nm0569814,8696042.708424544,125323.18304402796
939,nm0539782,8696042.708424544,125323.18304402796
940,nm0570082,29344.894791776493,660.7882862473558
941,nm0570912,209203408.125006,13832668.361182678
942,nm0571098,166382.20481891345,4683.24272264713
943,nm0572562,4544642.878151613,1489188.578312721
944,nm0573589,50087142.920946494,671809.5701844419
945,nm0573732,18633915.632960662,1465937.5911341242
946,nm0574217,16241.501177665261,1116.1074623362852
947,nm0574625,84907652.56554015,12910142.961208958
948,nm0386570,7487514.099558958,329304.3526240731
949,nm0576298,111849218.1518954,17999215.84359564
950,nm0576987,13779138.528918996,451043.7049728717
951,nm0577647,558522.7286275225,183016.72771666662
952,nm0579956,12737.291987041037,286.8183172327364
953,nm0580351,143614.70218691646,91913.40939962656
954,nm0580729,4757306.940633246,107125.0288256149
955,nm0583292,38690461.480639175,6428.555571237952
956,nm0583600,136160371.71269137,8408381.656695576
957,nm0583654,9080352.192262346,3719312.2579506575
958,nm0585011,70338239.88846436,1559126.1978107004
959,nm0587518,11126238.784591382,13773.6164780956
960,nm0587955,22910643.186349083,2426146.260028813
961,nm0588340,37772118.19116136,1063190.6088169299
962,nm0589284,26649627.68591486,5588832.000077174
963,nm0590122,169623.5628655977,14570.553102774851
964,nm0591171,43605951.38201994,285467.64795404376
965,nm0591450,118176008.86331967,8592668.847023137
966,nm0591994,5314870.975712084,292188.12189623073
967,nm0592400,17519941.390385926,201991.1718842754
968,nm0593463,64182.04661942978,5513.195824415969
969,nm0593610,297950849.9429094,66191984.801963195
970,nm0230666,50485340.0895949,16543036.24055846
971,nm0596407,11414495.081044085,7305276.851868216
972,nm0600247,44275.06534160424,7428.123346502085
973,nm0601337,21218723.811582547,4817714.005417331
974,nm0601382,104475552.05319847,7066662.843882559
975,nm0601619,33911629.041302525,770622.0289067638
976,nm0601781,114086029.94654067,37362461.796863556
977,nm0603628,59957966.94814654,11111807.256729174
978,nm0604263,26650.83113290829,937.6927590568741
979,nm0604688,5680390.879478828,102328.82499255856
980,nm0606688,53917608.97977171,1897057.216484439
981,nm0171253,53917608.97977171,1897057.216484439
982,nm0609236,130662235.09029022,2739269.158481581
983,nm0609549,62761521.833231814,5404846.780479554
984,nm0610219,53836.339786437384,3699.605099505477
985,nm0610831,52883462.35967929,2226391.9164154767
986,nm0613833,7376.8960275998015,259.55145469569834
987,nm0614682,27683898.89417897,2378028.8075253866
988,nm0615592,255820273.43431234,118356707.35442092
989,nm0560329,7692720.5109589035,3120.5381673936267
990,nm0585150,7692720.5109589035,3120.5381673936267
991,nm0617042,6250682.141302575,671161.8843646457
992,nm0617130,2372682.120143971,17507.303935424985
993,nm0844896,2372682.120143971,17507.303935424985
994,nm0618680,9394707.154405119,516479.4877909406
995,nm0619110,10359347.729443613,5303986.037475131
996,nm0619599,19606163.3279662,226043.673236464
997,nm0619762,14020100.287700007,599429.1192727669
998,nm0619836,34276270.63479371,13168871.514430095
999,nm0620290,2970704.1243127035,8978.402295793248
1000,nm0622240,5413050.335570469,78010.27671748136
1001,nm0623768,7826589.09574468,665.8125656044033
1002,nm0625458,9167256.784432197,2403141.362498195
1003,nm0625789,25419.488139501504,1746.8139238435026
1004,nm0627920,12662410.566477606,1699519.977235818
1005,nm0520485,39224457.36626879,1944511.6169306403
1006,nm0629272,38189298.894446656,3841114.1725607617
1007,nm0629334,199577139.03791317,10643454.848958967
1008,nm0630083,4097749.7058830145,59054.79695511144
1009,nm0631473,7960228.646833927,1335504.754173206
1010,nm0176905,7960228.646833927,1335504.754173206
1011,nm0632893,7917777.551293013,222865.62518503575
1012,nm0634240,669572265.8373421,77591810.88931419
1013,nm0635759,32823480.04972267,591295.2500837364
1014,nm0637518,153122922.75230864,6883163.828894918
1015,nm0637615,85096.35812237802,12081.113944780194
1016,nm0638271,5481140.00211644,588532.9263471874
1017,nm0638630,1323.57911205074,2.0481394724617554
1018,nm0639033,26359.83052415211,741.963268288256
1019,nm0639618,11559.05134099617,43.66886130119185
1020,nm0639965,19356547.995520886,681047.9870297427
1021,nm0640334,40347241.02661593,9826828.809921073
1022,nm0640964,911260.5751685394,4303.3063973364315
1023,nm0641373,14626181.844840003,261895.7039652872
1024,nm0644022,6097258.120078902,943956.6669291261
1025,nm0711840,498336103.2865782,20927607.97300734
1026,nm1743387,5459141.82298072,915892.0153878134
1027,nm0192090,5459141.82298072,915892.0153878134
1028,nm2455747,5459141.82298072,915892.0153878134
1029,nm2086105,5459141.82298072,915892.0153878134
1030,nm1158962,5459141.82298072,915892.0153878134
1031,nm0644203,49596075.398356624,952910.7263008568
1032,nm0645549,6899941.430520646,50912.58147695996
1033,nm0649117,7380145.050165062,2882264.0337148155
1034,nm0650905,53076176.71353469,2794414.5363308643
1035,nm0828970,83128662.85123071,9650285.557571994
1036,nm0652860,10607874.865414012,8404.424337680028
1037,nm0653211,12808803.117823835,118140.35650251478
1038,nm0655683,24156434.38889859,5065971.469154747
1039,nm0659380,28218672.1992096,1343389.2563932114
1040,nm0161152,28218672.1992096,1343389.2563932114
1041,nm0661751,56263965.35676078,4044977.3198101753
1042,nm0661791,180416.99575981748,30268.949079335434
1043,nm0662529,4428574.560663543,475514.57264868735
1044,nm0662530,36280331.21735197,18575529.583284214
1045,nm0664756,39023601.29839381,142286.70678227016
1046,nm0668132,42779.1465037594,202.01880761512385
1047,nm0668247,6293902.606650516,2193319.354549442
1048,nm0671210,28348409.8057987,325608.38395702664
1049,nm0673400,8118499.774395566,869411.3213881892
1050,nm0673830,3482621.6409791475,1412.7191723376147
1051,nm0677037,83308551.10812883,5724920.03978493
1052,nm0677953,48848033.48649133,481851.95293551224
1053,nm0679031,146262046.9930494,41233713.64120143
1054,nm0680629,2953773.5729074893,3656.594572885221
1055,nm0680846,436572605.9670676,90162850.59817898
1056,nm0684336,64934136.85672112,9635180.437405545
1057,nm0685759,23103755.048585,520250.3131383337
1058,nm0686184,6892051.608119159,63567.95607888632
1059,nm0687427,14192991.33466756,5049041.790644376
1060,nm0687739,21915.626268656713,103.49361894220215
1061,nm0688585,3360329.098914641,38741.95680694842
1062,nm0689187,8101417.246973807,792854.8057306262
1063,nm0689343,2360363.0336856693,103809.86405240119
1064,nm0689385,4760586.219241877,35126.926250873425
1065,nm0689852,16369253.827524861,235905.80940151715
1066,nm0690770,9869356.717115868,100804.09043518876
1067,nm0693561,14640440.09751891,1257604.228357816
1068,nm0696309,38811934.72804444,48046.848001977036
1069,nm0697656,32012570.670097455,2254012.217940372
1070,nm0702797,39897139.90408899,6236286.87221059
1071,nm0703689,8872989.487132868,754.8304660865457
1072,nm0705535,152992.7966588038,2191.4838116208125
1073,nm0706182,183540.96132596684,2645.104016111513
1074,nm0706296,3265563.8384513273,4042.57222646136
1075,nm0709056,27011916.904322367,3625478.1158229434
1076,nm0710020,77507054.72271068,2727037.0528733185
1077,nm0711807,8345.725763759174,896.1154804182573
1078,nm0712444,6303958.6998563735,46515.00511499419
1079,nm0712753,7332659.182222672,1922212.6086645809
1080,nm0713527,16945790.331045378,211679.24462888043
1081,nm0715636,162231573.658726,19711081.439184874
1082,nm0715916,7798604.918032545,9654.205278600384
1083,nm0716257,195644571.58378097,44603486.39428383
1084,nm0716347,13074501.05250585,1403863.860800756
1085,nm0716980,24026.154736731052,2063.8309768579084
1086,nm0718645,134168394.80608788,2814718.5725130294
1087,nm0718646,8540736.73581375,1155936.4292017368
1088,nm1853544,365378001.88162553,86435317.19206694
1089,nm3646390,47643313.851091,30491720.864698246
1090,nm0721279,9082946.923880598,130899.06042180702
1091,nm0721817,115426121.35677193,4679066.798506748
1092,nm0723470,10556829.736301344,6756371.031232862
1093,nm3006131,10556829.736301344,6756371.031232862
1094,nm0723704,6353374.956545454,46879.632731083875
1095,nm0724938,9601856.31882538,270268.22837204416
1096,nm0726472,3139472.4116337523,23165.21764155185
1097,nm0726638,16271040.371415854,5331694.508905549
1098,nm0727754,11123663.737754721,1866241.092396784
1099,nm0730932,8108035.305636364,59826.74088947024
1100,nm0731253,8643957.068307692,51024.91642342557
1101,nm0732430,5932842.332460329,637034.0947560371
1102,nm0733263,50171471.0111011,28113817.824911837
1103,nm0734747,7209029.289012567,53193.247325716526
1104,nm0736622,23210565.276329316,3894086.6712307683
1105,nm1698571,23210565.276329316,3894086.6712307683
1106,nm0736930,70739145.81931189,815566.8243260431
1107,nm0738796,599228.4525928398,18201.015557346458
1108,nm0740400,17163920.038552556,158309.22012639718
1109,nm0742819,17853401.41822321,257294.63031809925
1110,nm0743093,25944587.47200153,624354.334742428
1111,nm0744834,109082749.4015305,23787364.157635707
1112,nm0747849,55693740.86067112,685160.1707568628
1113,nm0748928,65942.34503871352,486.56862501976025
1114,nm0750701,11605266.25514094,28059.81203868456
1115,nm0750857,5229146.944115523,38584.29416076782
1116,nm0751080,148492500.05817312,1141275.0732784662
1117,nm0751102,45618977.77602556,5361726.4558631005
1118,nm0751221,88242.08427725118,813.8895725965821
1119,nm0751577,693126470.8959693,320829883.1891121
1120,nm0751648,693126470.8959693,320829883.1891121
1121,nm0752328,22118.914642656164,255.01372350081593
1122,nm0753382,21711504.6140045,312895.75708570745
1123,nm0753526,8988623.845609218,1206432.6704042926
1124,nm0755158,86854.97064396193,3571.1748516539974
1125,nm0755261,8418814.945238363,97062.32793670835
1126,nm0756935,5607550.703666996,197298.15046481148
1127,nm0756983,16813242.734907042,193843.49111249187
1128,nm1012102,16813242.734907042,193843.49111249187
1129,nm0757858,359480408.1315526,28786928.836975064
1130,nm0917188,154185770.08170986,8666584.073648995
1131,nm0758541,45672.66493745885,138.03715973375466
1132,nm0759207,40951436.24668603,612457.4821056032
1133,nm0762541,17945021.5387949,81007.65610340404
1134,nm0764319,6852351.9950653985,50561.43342237785
1135,nm0764601,7363361.841557499,632507.9659620762
1136,nm0764776,9630566.794698795,23285.28171126938
1137,nm0767697,138930.83296976244,2502.7553903715816
1138,nm0769135,11436838.639249397,1918783.1220783333
1139,nm0769840,9428449.245370569,212309.80254066284
1140,nm0073688,9428449.245370569,212309.80254066284
1141,nm0541635,9428449.245370569,212309.80254066284
1142,nm0770961,5471381.563006013,13228.988880962848
1143,nm0771054,6180039.756686834,644223.5337072234
1144,nm0772259,8969553.576133179,82729.52963717762
1145,nm0773605,16625253.660215251,913982.9857066092
1146,nm0773689,107112.68544840749,7360.7276958023285
1147,nm0775447,13540860.607942156,195144.3673222534
1148,nm0776271,52555754.7857932,1967809.1044831683
1149,nm0777300,4637584.911156551,622446.1101825144
1150,nm0777881,120709220.56896466,21349180.197451286
1151,nm0779433,14204233.049186487,2882046.15621298
1152,nm0779524,2180726.5339480094,714580.4706440839
1153,nm0781842,328866986.37498605,12121062.34279431
1154,nm0783139,24766747.176917296,1473467.4973483428
1155,nm0783180,54968.98855421687,1547.2394773106523
1156,nm0783676,9157830.93592105,2971.8860499735015
1157,nm0784061,83667051.68639717,2424604.8468887033
1158,nm0788202,193161360.57349122,18612901.390675906
1159,nm0788234,631129.9709458302,34696.73708464349
1160,nm0790519,1140272.6421936757,236.8253623174177
1161,nm0790715,34303054.44200367,52990.25258511183
1162,nm0790746,14977538.060784983,172679.25716346558
1163,nm0791556,133387.7345354718,54635.61606572926
1164,nm1010896,133387.7345354718,54635.61606572926
1165,nm0791672,91846.11890243902,2585.2384179028186
1166,nm0792263,172127.87912951745,70503.57929145035
1167,nm0793455,35099301.90799099,2412005.660916029
1168,nm0795407,4391994.074074075,154529.55371416756
1169,nm0796117,497609135.7196871,64350562.83186322
1170,nm0796124,8516253.957958115,191768.9907582636
1171,nm0797455,8015039.153289052,5720989.3169022305
1172,nm0797869,64643808.051490374,2507259.5821936876
1173,nm0798788,9614669.943709092,70943.7423219157
1174,nm0799050,16736313.830099063,8568992.681010723
1175,nm0463359,16736313.830099063,8568992.681010723
1176,nm0802248,90352297.81513393,8570799.931717146
1177,nm0802551,11626314.293618537,85787.05771795707
1178,nm0802617,8423642.03921875,25458.89589100697
1179,nm0806492,12733641.0865887,4172559.5112533863
1180,nm1103162,355239980.77095515,50088066.07285058
1181,nm0809321,3817641.2923139385,19165.688367395764
1182,nm0811583,552606270.2618365,94496277.76696138
1183,nm0812200,56148988.55339685,1412041.1638220008
1184,nm0813164,13662600.832430633,751109.4240459774
1185,nm0813301,6567589.064743786,4203257.001436024
1186,nm0465484,6567589.064743786,4203257.001436024
1187,nm0813309,24502603.996245977,1187134.355432671
1188,nm0814085,306456029.7764886,7828781.270910012
1189,nm0814517,10524630.536557136,370302.5168957102
1190,nm0817447,70462991.25711204,8714412.118665095
1191,nm0330347,70462991.25711204,8714412.118665095
1192,nm0818465,9756165.310229385,46072.188062362846
1193,nm0030253,18984466.595098957,3981331.208884498
1194,nm0821432,73918257.04672019,40473838.24574418
1195,nm0821844,24403328.08900106,2096229.9211163558
1196,nm0822582,15136147.256414494,57182.747586777
1197,nm0823721,2391062.8153830613,105160.05473025989
1198,nm0562775,2391062.8153830613,105160.05473025989
1199,nm0824220,16352.496218065628,1123.7349834328895
1200,nm0824882,21173108.741716444,3207222.7332217763
1201,nm0825407,29205143.003772087,3919847.9398813867
1202,nm0617523,29205143.003772087,3919847.9398813867
1203,nm0825434,2549708.9261398176,18813.531209181634
1204,nm0827750,14948455.29837694,1668815.0895200614
1205,nm0829820,47665272.7698015,5221581.829375901
1206,nm0831321,22772754.061069116,512796.8335181546
1207,nm0831557,131738553.01879919,23490014.677507713
1208,nm0831690,18226445.236650083,262670.7583234117
1209,nm0833779,13978443.168192392,1200739.1251276198
1210,nm0833780,13978443.168192392,1200739.1251276198
1211,nm0833889,29722540.2198802,11044526.85364095
1212,nm0834893,205477.44603658534,5783.675933771298
1213,nm0834902,76342907.91692306,16010268.20237911
1214,nm0835732,99856.66347391588,8577.622078162934
1215,nm0837977,113519.80833693306,2556.2388326269115
1216,nm0838198,52175796.22823095,873828.1804617149
1217,nm0839660,24250515.485720165,46907.318895442484
1218,nm0839812,3791847.024951787,1941425.6767753155
1219,nm0841647,127418.13462093862,940.1798878807713
1220,nm0842339,23090447.114145834,7566277.710363309
1221,nm0844358,13552251.44146789,4397.957036600497
1222,nm0847859,16402710.800238652,5374840.275022203
1223,nm0848414,92740417.63706443,1275678.582248394
1224,nm0849164,443329.3090549605,24372.286511991464
1225,nm0850044,7549508.052469217,160915.48895160278
1226,nm0850516,3550337.199100304,26196.864674869674
1227,nm0850733,152300967.17404345,43917683.003408514
1228,nm0566833,5204209.474447529,75000.56271961574
1229,nm0851281,25804140.153365254,1773247.008961668
1230,nm0851930,125840974.85322699,23907359.62839552
1231,nm0852363,51854.592726138486,244.87639067277283
1232,nm0853238,75111823.9835701,23761591.364997767
1233,nm0853374,94917895.35663465,24882156.760369644
1234,nm0853380,347859.50093452184,8633.741267092755
1235,nm0855035,183685221.49675378,6141617.245203523
1236,nm0855843,7813549.787689053,175945.49956138636
1237,nm0857399,6830.036088397789,98.43119354443314
1238,nm0858525,135595519.84547752,5237345.975397036
1239,nm0859432,2201152.0920298104,461615.05121045024
1240,nm1154886,23234240.51751251,7613395.932778502
1241,nm0863254,1283116.2071922247,23114.566690335814
1242,nm0863387,88721144.75170295,6935617.573498692
1243,nm0864468,14576877.915638018,5958162.497606278
1244,nm0864812,3482306.440252708,25694.88627582893
1245,nm0866132,29154200.829269283,458117.12646936334
1246,nm0867127,13889464.208896015,1864212.3292553413
1247,nm0867262,25697355.26636162,141136.73002206342
1248,nm0868219,190567215.17433417,14550185.775117591
1249,nm0868643,3024217.7211398967,27893.485162522433
1250,nm0870186,223236.08558429973,113.19414315341538
1251,nm0871428,35362991.08074603,2506497.8341213353
1252,nm0871860,166360269.00340235,12985609.668731937
1253,nm0872045,16345993.454975422,294463.2401313118
1254,nm0872062,2308397.3316208636,26614.0092480276
1255,nm0873779,35909415.67790705,138627.9255588374
1256,nm0936374,35909415.67790705,138627.9255588374
1257,nm0875793,11109530.121004026,954301.3708727849
1258,nm0878638,79798091.692355,4980959.402126673
1259,nm0878756,11551812.139148766,792222.6735988758
1260,nm0878763,16110769.418933695,5279176.923196195
1261,nm0881038,45146621.24170129,176452.3686419454
1262,nm0105169,466531.4192869875,3442.3942775726214
1263,nm0882330,15682185.292818671,115714.10344524731
1264,nm0884659,15504908.708953949,852391.3706550123
1265,nm0885249,608435.9536285697,70811.8947784977
1266,nm0888241,940594.9808475291,28305.58196344201
1267,nm0891114,31616489.019493494,1962589.8403255595
1268,nm0891216,180880355.27203295,34807166.26903308
1269,nm0892612,19260.756941045605,277.5767609042137
1270,nm0893659,534018887.0474386,26385494.272842426
1271,nm0894207,2170058.6065659327,711084.804199525
1272,nm0898288,84583900.4025021,26799444.895978384
1273,nm0904192,4170.518890701468,75.12938928841906
1274,nm0905152,286494925.8156852,10519388.415440764
1275,nm0905154,286494925.8156852,10519388.415440764
1276,nm0905592,63378679.06363795,23187684.70707273
1277,nm0906476,23602515.845451333,1297562.0308420523
1278,nm0906548,43959275.15171564,644897.3011710015
1279,nm0908824,69604545.92069833,6941953.304026216
1280,nm0909026,12326428.202083074,58209.91139501633
1281,nm0911061,66742327.46311564,1457145.3943567034
1282,nm0911910,25254772.332585365,149077.86299488117
1283,nm0914132,145851797.3148232,7802685.100592792
1284,nm0915304,47878124.61816545,7917528.610701289
1285,nm0566788,28123350.53049463,3774652.2119505857
1286,nm0917669,66507.97891563586,7141.239859142843
1287,nm0917992,17818818.718841165,979599.9187299261
1288,nm0918078,18973.40458638154,1303.8424350765627
1289,nm0918873,68486196.14752483,613377.4720505208
1290,nm0919363,279079013.79518884,17199156.446011674
1291,nm0919369,123722520.79523535,5737789.982785353
1292,nm0919514,54342646.78113821,978950.0951754431
1293,nm0920108,13773203.317224624,248115.97330860383
1294,nm0920274,6283948.899964306,1509473.9028375777
1295,nm0921013,400023.34447189624,2361.3210428743796
1296,nm0922346,219153990.40761057,8068899.152540481
1297,nm0923736,459780172.07489836,87217974.91231897
1298,nm0925482,21897556.464728996,4592250.433511936
1299,nm0925870,68968063.49710375,1777085.9638253464
1300,nm0926211,27207596.675985113,1153878.2939589422
1301,nm0931095,49283068.30554181,4193389.990443881
1302,nm0931285,12663651.894325742,116801.57276658721
1303,nm0931530,577581.3659254143,1117.2048419128314
1304,nm0931727,12572564.306888336,442357.7806843278
1305,nm0932078,5207955.166606822,38427.926442299824
1306,nm0932216,31977.599332591766,460.84577420308307
1307,nm0932302,3908175.7642027033,171883.3878453292
1308,nm0537410,3908175.7642027033,171883.3878453292
1309,nm0933505,17186935.30685978,128402.00347435883
1310,nm0934483,11867915.115915915,417565.14135705965
1311,nm0934578,4213938.568945827,5216.603277586984
1312,nm0934864,14215952.264466044,1526426.2514344708
1313,nm0935095,86469192.63009697,4369509.054297215
1314,nm0935863,5079414.228912242,219697.35043163382
1315,nm0936404,40674537.91423729,3460.207008718037
1316,nm0936482,101662570.06207879,6294018.785300238
1317,nm0936838,31731829.19371248,714537.2706629395
1318,nm0937306,18246927.04981009,328707.4154487257
1319,nm0937748,17352796.785572786,953980.0920085644
1320,nm0938645,6039066.68090604,87032.12305214095
1321,nm0939128,41797396.46796687,1073321.053555293
1322,nm0939182,156085.0821530343,3514.7235891124965
1323,nm0942367,59193433.8336828,12381077.69966192
1324,nm0942504,31232261.852111068,5960545.7113174265
1325,nm0943104,234050.20223378786,95866.96283495953
1326,nm0945026,60787143.549559236,4071041.704872022
1327,nm0945674,6364115.672,58698.60652843412
1328,nm0396074,6364115.672,58698.60652843412
1329,nm0632383,6364115.672,58698.60652843412
1330,nm0118176,6364115.672,58698.60652843412
1331,nm0946327,22366653.28800304,983695.8145837465
1332,nm0946521,8013850.143526545,5128864.09185699
1333,nm0946734,378417529.8196051,83936721.5313413
1334,nm0947087,38513697.21797437,2646641.1199879395
1335,nm0949714,5639.943531218014,158.75029740990067
1336,nm0950109,6528637.65218884,867.804794162493
1337,nm0950226,19580205.848625496,1152088.4870612144
1338,nm0950553,74597710.17770463,1088386.4000007915
1339,nm0950759,10798386.82941661,20887.1178372293
1340,nm0950775,106809504.75421399,23962670.184663907
1341,nm0951698,8540118.9126009,1432794.1966239049
1342,nm0955443,46143120.94146487,7048080.216078846
1343,nm0956052,23522985.346197385,29120.045403581065
1344,nm0956205,667410.0756353966,2102.484719234452
1345,nm0957505,5375704.425585494,4300563.540468396
1346,nm0957772,49522528.43102876,2458744.9583945856
1347,nm0958387,24456191.842638038,24220.239272356943
1348,nm0958969,115232545.03874715,8875000.742044799
1349,nm0959034,869072.006028921,12524.647560031943
1350,nm0959062,17867946.15941949,320936.1349451627
1351,nm0959665,2462771.6110163555,22715.05881020807
1352,nm0960028,190041.97511205974,4279.36484149713
1353,nm0962729,39621610.00400029,3281088.770630923
1354,nm0004410,39621610.00400029,3281088.770630923
1355,nm0962849,1768622.4676963645,296725.6116299495
1356,nm0970388,8297241.4520511385,119575.85123731385
1357,nm0862911,68011796.26615092,31905172.59467073
1358,nm0970606,38003485.666221075,6375926.877750952
1359,nm2329165,38003485.666221075,6375926.877750952
1360,nm0971239,75508082.8813214,7992589.491212435
1361,nm0971919,90138.99197986576,1299.0397782146433
1362,nm0972104,1449.8486394056426,304.05529738268234
1363,nm0994538,14082711.88538877,317114.4799970149
1364,nm0997291,11136049.289033765,3649060.631030585
1365,nm0998825,73644.59833491249,3238.9236876851755
1366,nm1000113,45165408.975561485,13767935.652172796
1367,nm1002424,66819910.72434774,35956001.33376999
1368,nm1007740,8947381.289520131,128945.3537325589
1369,nm1008415,8947381.289520131,128945.3537325589
1370,nm1009277,13425307.443459986,4083744.088149155
1371,nm1011835,2643.898701781538,354.85807681526774
1372,nm1012385,24772395.263125412,12683466.374720214
1373,nm1012501,73453282.27305387,8927883.781556316
1374,nm1016428,231244.59801567637,48495.50712177719
1375,nm1016748,1165532.2981723312,80094.76964931017
1376,nm1018426,10035218.175945066,1077523.3468477214
1377,nm1019493,21751812.189480662,313476.65046777035
1378,nm1022455,26508.286549300676,21206.629239440543
1379,nm1023919,35444.1406623507,7433.175047833012
1380,nm1024677,52414918.438466385,26836438.240494795
1381,nm1026778,24090836.57618027,3108080.964901736
1382,nm1031639,21259090.053832427,6966178.628839811
1383,nm1032521,38162258.32062869,22219841.616674207
1384,nm1047532,9418762.270131566,6028007.852884203
1385,nm1048560,6899.626528261564,474.1387246959593
1386,nm1052162,25354956.388114404,1393903.4685242588
1387,nm1053530,263257.24696108804,18090.90025812591
1388,nm1060986,10671637.645094676,4371102.77943078
1389,nm1064048,20406822.405744564,8358634.457392975
1390,nm1065402,12749719.63639849,700923.2495552072
1391,nm1068186,9072752.123501515,1217724.1767235494
1392,nm1079776,24766436.784223173,2659275.9006672497
1393,nm1082611,6644160.797213118,3401810.3281731172
1394,nm1083489,30896826.10498072,1358856.7825519755
1395,nm1084723,131025.55963293131,3688.041634618004
1396,nm1093039,43080115.61069438,16439977.970968375
1397,nm1096524,2384465.55694229,1526057.956443066
1398,nm1098493,135432114.6568236,31764800.664047275
1399,nm1104343,13851969.509083841,199627.91910226407
1400,nm1108007,23477260.462974545,7702135.592878679
1401,nm1109378,256101.77518189896,8161.09519809964
1402,nm1112199,343952.9392146597,7745.131644400649
1403,nm1117098,1306503.7548266356,112227.8179816321
1404,nm3459865,1306503.7548266356,112227.8179816321
1405,nm1117507,15511.901877133105,178.84005251498093
1406,nm1118463,248246.32405391143,10917.98879399699
1407,nm1119079,48976.60527763282,3365.6466869845453
1408,nm1316072,48976.60527763282,3365.6466869845453
1409,nm1119880,228882079.6316597,60000063.88296182
1410,nm1126346,10131568.010320442,146011.28293106568
1411,nm1127632,151121.39982949704,12981.229399868602
1412,nm1128050,13286563.17119629,8503400.429565627
1413,nm1130275,6056965.069872139,3876457.6447181697
1414,nm1134029,66567801.45030691,13316098.920947852
1415,nm1135423,85228202.4149369,2705537.9743695445
1416,nm1139726,105700777.68005198,24076942.71725164
1417,nm1148550,713392.8469782848,143811.566037549
1418,nm1157527,9317014.658569941,3816249.204150249
1419,nm1160962,103798153.25449497,14287768.052514583
1420,nm1413364,103798153.25449497,14287768.052514583
1421,nm1163264,9543885.247224623,4886469.246579008
1422,nm1164602,11571307.790966615,3033348.9095551535
1423,nm1165576,27732.2338469886,499.5795120777978
1424,nm1166926,90272.02983586284,2290.6796853830892
1425,nm1170286,12338705.952140715,542662.0266435067
1426,nm1170339,10588434.342662614,5421278.38344326
1427,nm1170855,841651.4742435454,110070.94267464761
1428,nm1174251,59571696.099136785,11689481.864208067
1429,nm1180460,17492201.66615298,252089.19329784389
1430,nm0177015,17492201.66615298,252089.19329784389
1431,nm1191481,53396859.401345015,29338562.202317163
1432,nm1195760,15222.421501632207,274.22276720971
1433,nm1196684,61700609.95127852,16174444.695067963
1434,nm1197971,109060082.88175085,5698923.449957482
1435,nm1202276,20947659.72089434,10961093.45340467
1436,nm1206844,7377946.764553057,3777508.743451166
1437,nm1207904,39478412.25370512,3391169.790553385
1438,nm1218281,219444693.99838644,111631390.89531061
1439,nm1226871,94561966.17913803,29287972.36283616
1440,nm1228976,13394806.03593128,1797820.4331433836
1441,nm1229520,49477182.24262263,13418084.521885905
1442,nm1234345,80611049.19296198,2157123.9914210183
1443,nm1234893,51298975.49406637,8250693.949373065
1444,nm1235949,365252.98709613475,12851.19700454777
1445,nm1242054,9664370.377288118,3958526.106537214
1446,nm1243905,9343715.109384887,3827185.7088040505
1447,nm1256143,1695258.4451035054,867972.323892995
1448,nm1259871,2786063.272050957,1747805.8106752802
1449,nm1264352,10074109.795476198,865359.4421576709
1450,nm1266897,20558459.90303126,10400408.877963845
1451,nm1268721,6463420.996329313,181929.127441296
1452,nm1270033,28459833.57342243,7460574.612271252
1453,nm1275670,23112216.41667558,6058728.860333005
1454,nm1279573,13962284.88082659,5718951.887186573
1455,nm1283651,6861.977311836002,471.5514902436742
1456,nm1286340,17092562.71270951,481112.869148534
1457,nm1291105,153659776.9466921,78673805.79670638
1458,nm1294036,5986767.64165226,1569395.2166532907
1459,nm1294961,36411938.98572996,8517701.390802909
1460,nm1294962,36411938.98572996,8517701.390802909
1461,nm1296554,3736.5918483464943,256.7766365943743
1462,nm1300606,9234603.385719012,1239447.485412314
1463,nm1301035,7906691.514518073,222553.58099073177
1464,nm1302591,50509789.75323776,7976376.537459083
1465,nm1309090,15127247.783423422,532242.7146919293
1466,nm1309091,161826.32011879052,2915.2038199428976
1467,nm1312575,7082260.2300735675,4532646.547247084
1468,nm1312919,9181343.856702015,4700848.0546314325
1469,nm1325899,36239776.87993799,16030735.927729785
1470,nm1334526,33525432.77206873,21456276.974123992
1471,nm1336172,12763609.668062221,1096385.7220647337
1472,nm1343394,546875.7027714866,350000.4497737515
1473,nm1509478,546875.7027714866,350000.4497737515
1474,nm1347153,222394599.13685328,54749156.57168919
1475,nm1348558,13044742.317414895,293741.48319926957
1476,nm1349040,13018841.809217418,894647.996838181
1477,nm1349376,599606256.2353133,104264488.8168468
1478,nm1349522,74625156.76366584,22695159.631268527
1479,nm1355835,636970.6101946458,35017.82962302937
1480,nm1354216,636970.6101946458,35017.82962302937
1481,nm1356588,19731167.350209728,10102357.683307383
1482,nm1358366,5421893.175304743,2776009.305756029
1483,nm1369705,7877723.066211812,221738.19165949692
1484,nm1374988,1028.2063554216868,28.941435994606802
1485,nm1375358,42612615.176833495,4280853.165297907
1486,nm1376383,42612615.176833495,4280853.165297907
1487,nm1376000,7191.775875198308,161.9443957583763
1488,nm1383995,74244.42904423812,1337.4687319118655
1489,nm1388365,32235.283230163193,2215.191796013572
1490,nm1400426,11531326.609136919,1238166.7666434417
1491,nm1417392,10375449.9982355,3399827.455421809
1492,nm1424878,8684848.741168434,1457075.8325791098
1493,nm1428204,361509.0806586736,31053.393572720604
1494,nm0348640,361509.0806586736,31053.393572720604
1495,nm1429471,104690790.7034624,19151384.08638156
1496,nm1443502,73182313.99733283,46836680.95829302
1497,nm1447139,3226344.9099787744,433032.6835617158
1498,nm1455688,32529916.228325207,3436438.2132229023
1499,nm1461392,104876327.8263954,51610453.86739324
1500,nm1650283,67319426.82942635,27574037.229333036
1501,nm1466691,13923.536717594872,489.890896664373
1502,nm1469191,2481155.4450710146,1270351.5878763597
1503,nm1470993,31618.73637374861,8288.66202795996
1504,nm1479854,1943218.0130293958,795942.0981368407
1505,nm1481493,57220304.04552632,7735298.571328691
1506,nm1481618,11627555.188322587,3048093.827287637
1507,nm1490123,349400581.0521589,74811165.24912317
1508,nm1496042,18520.11579778831,417.0359330288897
1509,nm1497918,31598200.951048307,889410.2876794958
1510,nm1500577,13865465.994619826,3634748.717693621
1511,nm1503401,18013.809081081083,324.5079354603204
1512,nm1503403,38589.168590885274,868.9508264322417
1513,nm1503575,435097.0824766577,142572.61198595123
1514,nm1509613,18734796.489434913,3928971.592741142
1515,nm1512910,43455537.29435766,10444183.115467671
1516,nm1519363,109184.95522522522,3841.604091146789
1517,nm1534595,10335128.752149327,3386614.989504292
1518,nm1534600,28229726.97037415,11562896.167065253
1519,nm1543747,2753393.1235991637,2202714.498879331
1520,nm1555287,10075076.674125677,353352.9181908673
1521,nm1556116,25081334.583131153,16052054.13320394
1522,nm1552637,25081334.583131153,16052054.13320394
1523,nm1557594,80272.9561704056,21043.073822334813
1524,nm1600805,12821096.77206721,360881.79153226875
1525,nm1601644,132751742.17273405,84832118.56953746
1526,nm1601882,58367201.67985779,29884007.260087196
1527,nm1615943,10302.791830099633,289.99780904320335
1528,nm1625338,2444709.5643159123,1251691.2969297473
1529,nm6583447,2444709.5643159123,1251691.2969297473
1530,nm1630273,33001876.95113746,1814297.3723104214
1531,nm1637768,11749414.236923968,1009266.9978949054
1532,nm1639277,30320457.376157276,5496217.644928485
1533,nm1653753,21209925.96244806,4448043.865199989
1534,nm1659741,49336515.247667104,14436776.587202292
1535,nm1672246,4847901.754943212,416431.58983404224
1536,nm1676223,14557791.177168446,1953913.6564979951
1537,nm1676649,7579507.505628202,2483653.01944425
1538,nm1680272,10856.041873141723,381.96301667655945
1539,nm1682573,13573226.774187455,8686865.135479974
1540,nm1702145,9299956.343064137,7439965.07445131
1541,nm1703612,7289343.227394054,320588.7054948001
1542,nm1716636,13476584.470607445,8625014.061188767
1543,nm1720541,97777100.82199107,7561813.0794864
1544,nm1729171,49858651.94364623,10456117.16409216
1545,nm1731937,41235951.460808575,10222524.671777027
1546,nm1732981,4721151.560542459,633662.2359996636
1547,nm1733778,58669680.09083107,46935744.07266486
1548,nm1739338,10806804.762577083,5533084.038439468
1549,nm5715866,10806804.762577083,5533084.038439468
1550,nm1742427,4510660.045389046,945953.9735507732
1551,nm1754493,3186.6947917764896,71.75798738394057
1552,nm1757777,47513441.34348972,14485837.537339853
1553,nm1762961,15516430.242875678,7944412.284352349
1554,nm1783265,175630105.55634573,66772524.401114345
1555,nm1788310,6144076.479244604,3932208.946716547
1556,nm1793079,65787287.8670065,18414543.096295595
1557,nm1801477,2915.8235010060357,82.0731352038058
1558,nm1804518,6882607.885853253,3523895.2375568664
1559,nm1804614,4473843.342444859,1621331.1654507397
1560,nm1834176,2570746.457728928,141328.28111684608
1561,nm1834213,10781998.936290432,1157708.3204218554
1562,nm1834891,1511881.0082796612,495413.1687930795
1563,nm1837748,52682881.27356792,11048400.982862556
1564,nm1844237,192368522.86344847,10956225.726663958
1565,nm0401203,152999185.88278854,6728975.356735511
1566,nm1847738,28391756.307036042,11526795.116591262
1567,nm3210494,77350685.34036864,31682840.715415
1568,nm1857002,3638468.503050018,312542.06456251827
1569,nm1868917,45580033.05156258,14935665.23033603
1570,nm1879589,39347543.61552999,2355762.940080038
1571,nm1880561,10203453.73991612,2139819.341757258
1572,nm1890845,83312114.47704145,26475427.97703313
1573,nm1893457,1634089.070411042,1045817.0050630672
1574,nm1902232,35545043.38018578,11250653.015572745
1575,nm1908892,7084930.023912902,950923.2108485758
1576,nm1140492,7084930.023912902,950923.2108485758
1577,nm1916835,208803.32137762223,133634.12568167824
1578,nm2436566,208803.32137762223,133634.12568167824
1579,nm1920049,1721992.4912586717,60587.224546619946
1580,nm1938064,19768484.803534646,12559853.577161731
1581,nm1950086,17055762.45231035,10915687.969478626
1582,nm1962311,7132303.03973586,3651739.156344761
1583,nm1969144,21821717.58865442,13965899.256738832
1584,nm1980431,26969751.327507947,17260640.84960509
1585,nm1989536,72285700.30123599,9767130.588652465
1586,nm1991486,50017.47589220685,5370.585579637424
1587,nm2021516,18076158.90478249,5923195.749919128
1588,nm2027419,12092696.009377623,7739325.446001681
1589,nm2073372,11563744.32306732,9250995.458453856
1590,nm2092442,8512.850300663698,1142.575426159199
1591,nm2095817,13514989.037647719,928742.974759928
1592,nm2104340,4037221.5373101733,142047.1047737676
1593,nm2117510,27146731.61960171,6091198.902713822
1594,nm2122478,149547.15655427543,39202.88980776399
1595,nm2127315,237114.3681488182,189691.49451905457
1596,nm2128335,11401462.354556046,3736031.1843409264
1597,nm2149505,9423347.77497233,3859803.2486286676
1598,nm2155757,123475454.9561378,79024291.17192821
1599,nm2158772,59998.45237979805,6442.284769546153
1600,nm2209002,14393881.885150094,9212084.406496061
1601,nm2280148,9011004.172297219,5767042.670270221
1602,nm2284484,270514298.24375856,76548941.37940356
1603,nm2296528,31899657.091039956,17556781.07831234
1604,nm3401779,31899657.091039956,17556781.07831234
1605,nm2300570,1860546.9502760584,609664.024666459
1606,nm2305431,97703.36748045469,4297.039544705261
1607,nm2308774,109792.08540941884,70266.93466202807
1608,nm2319883,3764905.329231545,986947.3426260744
1609,nm5228798,3764905.329231545,986947.3426260744
1610,nm1349604,3764905.329231545,986947.3426260744
1611,nm2360037,42791.39455118689,2940.6022423612862
1612,nm2366012,17463413.805766813,7178869.005605642
1613,nm2419470,17463413.805766813,7178869.005605642
1614,nm2379028,55756209.6727447,28547179.352445293
1615,nm2391575,76059.10710194972,15950.750857706811
1616,nm2410311,52540929.035971165,20149210.95446461
1617,nm2411495,25906255.74764249,5432935.605367997
1618,nm2477891,20700135.009685997,13248086.40619904
1619,nm2480587,47420.86460214621,4073.421252285243
1620,nm2482088,22367551.03522668,3752652.3510902184
1621,nm2497546,115642093.6439496,58054304.27792443
1622,nm2503633,53475789.47328772,10784069.157578668
1623,nm0729701,28193350.24057973,7390717.605466536
1624,nm2552536,10215549.221737696,877508.9963608336
1625,nm2573005,12555972.309796706,6428657.822615915
1626,nm2586324,21145784.696621828,8661313.411736302
1627,nm2588606,13863998.64153452,6742228.406613129
1628,nm2609807,5152689.496836583,1688433.294323412
1629,nm2618764,18034486.920787603,9233657.303443255
1630,nm2676052,100593220.21151559,14114255.286243163
1631,nm2738713,44122.77004425216,3032.093669583866
1632,nm1760871,44122.77004425216,3032.093669583866
1633,nm2752098,15995028.683603976,2146816.4092081576
1634,nm2765527,585.4116135867047,62.85809337633718
1635,nm2782185,84120684.55844969,16808630.589474306
1636,nm2816668,8503495.65728084,584355.7719951881
1637,nm0315041,8503495.65728084,584355.7719951881
1638,nm2819700,9901.155704019326,1328.910623167715
1639,nm0150534,9901.155704019326,1328.910623167715
1640,nm2888554,38200802.235784814,12517638.87662197
1641,nm2905562,212652.52507034325,14613.370249423118
1642,nm2939767,13594273.235564686,8700334.8707614
1643,nm0702863,13594273.235564686,8700334.8707614
1644,nm2988017,2117.7256494325343,444.11925811587395
1645,nm2473620,2117.7256494325343,444.11925811587395
1646,nm3046419,4316280.120128884,2762419.2768824864
1647,nm3124542,5139262.707121743,689780.16414501
1648,nm3211470,9807268.87066402,2570916.6908313497
1649,nm3227090,17660330.992139477,8821041.755127853
1650,nm3230448,9776066.435977018,2050189.7278342082
1651,nm3231736,4423.457111689745,1449.478426358496
1652,nm3302450,10405924.093696412,4262266.5087780515
1653,nm3321297,37102.83798536859,2549.6876117751153
1654,nm3324251,3104.065237803985,520.7757297272884
1655,nm3363032,32660081.513070077,8561644.408162246
1656,nm3483756,14856146.60970739,1020906.6213323929
1657,nm3360961,14856146.60970739,1020906.6213323929
1658,nm3371961,14856146.60970739,1020906.6213323929
1659,nm3611349,65476208.12344494,26819054.84736305
1660,nm3622659,8547595.908252535,3501095.284020239
1661,nm3656297,949170.8212193714,81533.15270909331
1662,nm3951039,10750783.009989357,2818253.261370651
1663,nm4000389,10750783.009989357,2818253.261370651
1664,nm4014166,33380597.758193582,26704478.206554867
1665,nm4023702,36921828.41960339,18903976.15083694
1666,nm4029670,1042.6561875124148,111.95435565844669
1667,nm4069612,309633.9028347955,81168.66982472465
1668,nm4170048,6688151.690799037,4280417.082111385
1669,nm4740006,17687.233665722633,2373.9403172184047
1670,nm0572629,9233.090511522987,1239.2444308749737
1671,nm2200449,9233.090511522987,1239.2444308749737
1672,nm4816401,63379018.54902294,50703214.839218356
1673,nm4263190,63379018.54902294,50703214.839218356
1674,nm4824763,20320765.053058278,6658708.2925861385
1675,nm4907810,24853401.673494652,14989143.518335909
1676,nm4929422,3839.3993317020095,644.1443189822029
1677,nm4941030,14067696.147292713,4609702.673544877
1678,nm5507490,9139421.484331727,2395844.505588657
1679,nm5820154,6735259.75528264,6735259.75528264
